company,url
Vectara,https://job-boards.greenhouse.io/vectara/jobs/4504422008
Vectara,https://job-boards.greenhouse.io/vectara/jobs/4897601008
Vectara,https://job-boards.greenhouse.io/vectara/jobs/5142732008
Vectara,https://job-boards.greenhouse.io/vectara/jobs/4886689008
Careem,https://boards.greenhouse.io/careem/jobs/8383039002?gh_jid=8383039002
Careem,https://boards.greenhouse.io/careem/jobs/8441647002?gh_jid=8441647002
Careem,https://boards.greenhouse.io/careem/jobs/8218540002?gh_jid=8218540002
Careem,https://boards.greenhouse.io/careem/jobs/7804444002?gh_jid=7804444002
Careem,https://boards.greenhouse.io/careem/jobs/8245588002?gh_jid=8245588002
Careem,https://boards.greenhouse.io/careem/jobs/8397974002?gh_jid=8397974002
Careem,https://boards.greenhouse.io/careem/jobs/8358326002?gh_jid=8358326002
Careem,https://boards.greenhouse.io/careem/jobs/8358329002?gh_jid=8358329002
Careem,https://boards.greenhouse.io/careem/jobs/8397725002?gh_jid=8397725002
Careem,https://boards.greenhouse.io/careem/jobs/8398003002?gh_jid=8398003002
NJP,https://www.njp.gov.pk/jobs/live
NJP,https://www.njp.gov.pk/jobs/search?q=Software+Engineer
NJP,https://www.njp.gov.pk/jobs/search?q=Civil+Engineer
NJP,https://www.njp.gov.pk/jobs/search?q=Teacher
NJP,https://www.njp.gov.pk/jobs/search?q=Healthcare
NJP,https://www.njp.gov.pk/jobs/search?q=Administrator
NJP,https://www.njp.gov.pk/jobs/live
NJP,https://www.njp.gov.pk/jobs/8753
NJP,https://www.njp.gov.pk/jobs/8752
NJP,https://www.njp.gov.pk/jobs/8751
NJP,https://www.njp.gov.pk/jobs/8750
NJP,https://www.njp.gov.pk/jobs/8749
NJP,https://www.njp.gov.pk/jobs/8748
NJP,https://www.njp.gov.pk/jobs/8747
NJP,https://www.njp.gov.pk/jobs/8746
NJP,https://www.njp.gov.pk/jobs/8745
NJP,https://www.njp.gov.pk/jobs/8744
NJP,https://www.njp.gov.pk/jobs/live
